beta,temperature,order_parameter
1.0,1.0,8.818598e-13
2.0,0.5,1.6588842e-08
3.0,0.3333333333333333,4.5512097e-06
4.0,0.25,0.028646966
5.0,0.2,0.0035746263
6.0,0.16666666666666666,0.031276055
7.0,0.14285714285714285,0.1163924
8.0,0.125,0.1737886
9.0,0.1111111111111111,0.1941401
10.0,0.1,0.2035055
11.0,0.09090909090909091,0.2071732
12.0,0.08333333333333333,0.2111873
13.0,0.07692307692307693,0.211744
14.0,0.07142857142857142,0.2119118
