beta,temperature,order_parameter
1.0,1.0,2.0594805e-11
2.0,0.5,8.2939093e-11
3.0,0.3333333333333333,4.7354591e-09
4.0,0.25,0.016161893
5.0,0.2,0.2459294
6.0,0.16666666666666666,0.2567092
7.0,0.14285714285714285,0.2746638
8.0,0.125,0.2805731
9.0,0.1111111111111111,0.2816644
10.0,0.1,0.2837272
