beta,temperature,order_parameter
1.0,1.0,1.7573473e-12
2.0,0.5,9.9780861e-10
3.0,0.3333333333333333,1.0459778e-07
4.0,0.25,0.0010800137
5.0,0.2,0.3155346
7.0,0.14285714285714285,0.3364272
8.0,0.125,0.3360923
