beta,temperature,order_parameter
2.0,0.5,1.2795533e-07
3.0,0.3333333333333333,2.1148905e-06
4.0,0.25,0.3404842
5.0,0.2,0.1363268
6.0,0.16666666666666666,0.3735352
7.0,0.14285714285714285,0.3768547
8.0,0.125,0.3794633
